Source,Site,Phase,Context,SiteCode,Specimen,Element,GL,GLm,GLc,GH,GLP,CAW,Bp,Bd,Bg,LA,GB,BT,LG,SLC,Dd,Dp,SD
Edwards,Ayn Qasiyya A,,22,AQA,34a,Humerus,,,,,,,,11.09,,,,,,,,,
Edwards,Ayn Qasiyya A,,22,AQA,34b,Humerus,,,,,,,,9.96,,,,,,,,,
Edwards,Ayn Qasiyya A,,22,AQA,34c,Humerus,,,,,,,,8.53,,,,,,,,,
Edwards,Ayn Qasiyya A,,22,AQA,113,Humerus,,,,,,,,9.48,,,,,,,,,
Edwards,Ayn Qasiyya A,,22,AQA,2800,Radius,,,,,,,7.58,,,,,,,,,,
Edwards,Ayn Qasiyya A,,22,AQA,41a,Radius,,,,,,,7.38,,,,,,,,,,
Edwards,Ayn Qasiyya A,,22,AQA,41b,Radius,,,,,,,7.11,,,,,,,,,,
Edwards,Ayn Qasiyya A,,22,AQA,128,Pelvis,,,,,,,,,,10.75,,,,,,,
Edwards,Ayn Qasiyya A,,22,AQA,74,Calcaneum,28.77,,,,,10.44,,,,,,,,,,,
Edwards,Ayn Qasiyya A,,22,AQA,120,Calcaneum,26.166,,,,,9.28,,,,,,,,,,,
Edwards,Ayn Qasiyya A,,22,AQA,127,Calcaneum,,,,,,8.28,,,,,,,,,,,
Edwards,Ayn Qasiyya A,,22,AQA,44,Metapodial,,,,,,,,4.52,,,,,,,,,
Edwards,Ayn Qasiyya B,,1004,AQB,3244,Scapula,,,,,12.21,,,,9.41,,,,,,,,
Edwards,Ayn Qasiyya B,,1004,AQB,3238,Scapula,,,,,12.56,,,,9.4,,,,,,,,
Edwards,Ayn Qasiyya B,,1004-1,AQB,3177,Scapula,,,,,10.62,,,,8.6,,,,,,,,
Edwards,Ayn Qasiyya B,,1004.1,AQB,2897,Scapula,,,,,11.25,,,,,,,,,,,,
Edwards,Ayn Qasiyya B,,1011-1,AQB,1747,Scapula,,,,,9.9,,,,8.78,,,,,,,,
Edwards,Ayn Qasiyya B,,1004,AQB,3245,Scapula,,,,,10.41,,,,9.75,,,,,,,,
Edwards,Ayn Qasiyya B,,1004,AQB,624,Humerus,,,,,,,,9.49,,,,,,,,,
Edwards,Ayn Qasiyya B,,1004-1,AQB,2460,Humerus,,,,,,,,10.12,,,,,,,,,
Edwards,Ayn Qasiyya B,,1004-1,AQB,1594,Humerus,,,,,,,,8.71,,,,,,,,,
Edwards,Ayn Qasiyya B,,1011-1,AQB,1824,Humerus,,,,,,,,8.88,,,,,,,,,
Edwards,Ayn Qasiyya B,,1004,AQB,1189,Humerus,,,,,,,,8.7,,,,,,,,,
Edwards,Ayn Qasiyya B,,1004,AQB,955,Humerus,,,,,,,,11.1,,,,,,,,,
Edwards,Ayn Qasiyya B,,1004,AQB,3099,Humerus,,,,,,,,11.39,,,,,,,,,
Edwards,Ayn Qasiyya B,,1011-1,AQB,1426,Pelvis,,,,,,,,,,10.93,,,,,,,
Edwards,Ayn Qasiyya B,,1011-1,AQB,1426,Pelvis,,,,,,,,,,10.4,,,,,,,
Edwards,Ayn Qasiyya B,,1004.1,AQB,2848,Femur,,,,,,,,13.76,,,,,,,,,
Edwards,Ayn Qasiyya B,,1004-1,AQB,3032,Femur,,,,,,,,13.9,,,,,,,,,
Edwards,Ayn Qasiyya B,,1017,AQB,292,Astragalus,16.07,,,,,,,,,,,,,,,,
Edwards,Ayn Qasiyya B,,1004-1,AQB,2461,Astragalus,14.42,,,,,,8.3,4.2,,,,,,,,,
Edwards,Ayn Qasiyya B,,1004,AQB,1190,Astragalus,13.65,,,,,,6.65,3.75,,,,,,,,,
Edwards,Ayn Qasiyya B,,1004,AQB,956,Astragalus,14.36,,,,,,7.47,5.06,,,,,,,,,
Edwards,Ayn Qasiyya B,,1017,AQB,292,Astragalus,15.75,,,,,,8.09,5.6,,,,,,,,,
Edwards,Ayn Qasiyya B,,1004-1,AQB,3051,Astragalus,14.98,,,,,,6.67,4.35,,,,,,,,,
Edwards,Ayn Qasiyya B,,1004,AQB,3078,Astragalus,12.8.,,,,,,6.31,4.47,,,,,,,,,
Edwards,Ayn Qasiyya B,,1004,AQB,3246,Astragalus,12.82,,,,,,6.85,4.39,,,,,,,,,
Edwards,Ayn Qasiyya B,,1004,AQB,969,Calcaneum,25.58,,,,,9.62,,,,,,,,,,,
Edwards,Ayn Qasiyya B,,1004,AQB,1188,Calcaneum,28.84,,,,,10.1,,,,,,,,,,,
Edwards,Ayn Qasiyya B,,1004.1,AQB,2895,Calcaneum,29.07,,,,,10.71,,,,,,,,,,,
Edwards,Ayn Qasiyya B,,1004.1,AQB,2896,Calcaneum,,,,,,9,,,,,,,,,,,
Edwards,Ayn Qasiyya B,,1004-2,AQB,3094,Calcaneum,25.77,,,,,10.82,,,,,,,,,,,
Yeomans,Shubayqa 1 (Late),2,,SHUB1_Late,4149,Humerus,,,,,,,,9.7,,,,7.4,,,,,
Yeomans,Shubayqa 1 (Late),2,,SHUB1_Late,4193,Humerus,,,,,,,,9.2,,,,8,,,,,
Yeomans,Shubayqa 1 (Late),2,,SHUB1_Late,6595,Humerus,,,,,,,,8.7,,,,,,,,,
Yeomans,Shubayqa 1 (Late),2,,SHUB1_Late,5370,Tibia,,,,,,,,10,,,,,,,7.3,,
Yeomans,Shubayqa 1 (Late),2,,SHUB1_Late,5543,Tibia,,,,,,,,11,,,,,,,7.2,,
Yeomans,Shubayqa 1 (Late),2,,SHUB1_Late,5682,Tibia,,,,,,,,10.5,,,,,,,7.8,,
Yeomans,Shubayqa 1 (Late),3,,SHUB1_Late,13102,Humerus,,,,,,,,9.7,,,,8.2,,,,,
Yeomans,Shubayqa 1 (Late),3,,SHUB1_Late,13171,Tibia,,,,,,,,11.4,,,,,,,,,
Yeomans,Shubayqa 1 (Early),4,,SHUB1_Early,11890,Humerus,,,,,,,,9.6,,,,8.3,,,,,
Yeomans,Shubayqa 1 (Early),4,,SHUB1_Early,12152,Humerus,,,,,,,,9,,,,7.3,,,,,
Yeomans,Shubayqa 1 (Early),4,,SHUB1_Early,12440,Humerus,,,,,,,,9.9,,,,8.3,,,,,
Yeomans,Shubayqa 1 (Early),4,,SHUB1_Early,12575,Humerus,,,,,,,,8.7,,,,6.9,,,,,
Yeomans,Shubayqa 1 (Early),4,,SHUB1_Early,12739,Humerus,,,,,,,,9.1,,,,7.1,,,,,
Yeomans,Shubayqa 1 (Early),4,,SHUB1_Early,12751,Humerus,,,,,,,,8.2,,,,6.1,,,,,
Yeomans,Shubayqa 1 (Early),5,,SHUB1_Early,1991,Calcaneus,27.8,,,,,,,,,,,,,,,,
Yeomans,Shubayqa 1 (Early),5,,SHUB1_Early,13802,Calcaneus,24.2,,,,,,,,,,,,,,,,
Yeomans,Shubayqa 1 (Early),5,,SHUB1_Early,13887,Calcaneus,28.6,,,,,,,,,,,,,,,,
Yeomans,Shubayqa 1 (Early),5,,SHUB1_Early,13976,Humerus,,,,,,,,8.1,,,,7.1,,,,,
Yeomans,Shubayqa 1 (Early),5,,SHUB1_Early,14163,Humerus,,,,,,,,10.2,,,,8.6,,,,,
Yeomans,Shubayqa 1 (Early),5,,SHUB1_Early,14234,Humerus,,,,,,,,9,,,,7.3,,,,,
Yeomans,Shubayqa 1 (Early),5,,SHUB1_Early,14334,Humerus,,,,,,,,10.2,,,,8.4,,,,,
Yeomans,Shubayqa 1 (Early),6,,SHUB1_Early,11432,Calcaneus,28,,,,,,,,,,,,,,,,
Yeomans,Shubayqa 1 (Early),6,,SHUB1_Early,11521,Calcaneus,27.5,,,,,,,,,,,,,,,,
Yeomans,Shubayqa 1 (Early),6,,SHUB1_Early,10814,Calcaneus,24.6,,,,,,,,,,,,,,,,
Yeomans,Shubayqa 1 (Early),6,,SHUB1_Early,10850,Calcaneus,26.2,,,,,,,,,,,,,,,,
Yeomans,Shubayqa 1 (Early),6,,SHUB1_Early,10869,Calcaneus,26.4,,,,,,,,,,,,,,,,
Yeomans,Shubayqa 1 (Early),6,,SHUB1_Early,11557,Calcaneus,26.7,,,,,,,,,,,,,,,,
Yeomans,Shubayqa 1 (Early),6,,SHUB1_Early,11041,Humerus,,,,,,,,9.8,,,,8.6,,,,,
Yeomans,Shubayqa 1 (Early),6,,SHUB1_Early,11159,Humerus,,,,,,,,10.8,,,,8,,,,,
Yeomans,Shubayqa 1 (Early),6,,SHUB1_Early,11248,Humerus,,,,,,,,9,,,,7.2,,,,,
Yeomans,Shubayqa 1 (Early),6,,SHUB1_Early,11315,Humerus,,,,,,,,8,,,,6.7,,,,,
Yeomans,Shubayqa 1 (Early),6,,SHUB1_Early,11470,Humerus,,,,,,,,10.6,,,,8.5,,,,,
Yeomans,Shubayqa 1 (Early),6,,SHUB1_Early,11498,Humerus,,,,,,,,8.6,,,,6.3,,,,,
Yeomans,Shubayqa 1 (Early),6,,SHUB1_Early,11463,Scapula,,,,,11.2,,,,,,,,9.5,,,,
Yeomans,Shubayqa 1 (Early),6,,SHUB1_Early,11340,Tibia,,,,,,,,11.1,,,,,,,,,
Yeomans,Shubayqa 1 (Early),7,,SHUB1_Early,3273,Calcaneus,26.3,,,,,,,,,,,,,,,,
Yeomans,Shubayqa 1 (Early),7,,SHUB1_Early,3274,Calcaneus,26.3,,,,,,,,,,,,,,,,
Yeomans,Shubayqa 1 (Early),7,,SHUB1_Early,8032,Calcaneus,27.1,,,,,,,,,,9.8,,,,,,
Yeomans,Shubayqa 1 (Early),7,,SHUB1_Early,3284,Humerus,,,,,,,,9.5,,,,,,,,,
Yeomans,Shubayqa 1 (Early),7,,SHUB1_Early,8051,Humerus,,,,,,,,8.4,,,,6.7,,,,,
Yeomans,Shubayqa 1 (Early),7,,SHUB1_Early,8052,Humerus,,,,,,,,8.7,,,,8.2,,,,,
Yeomans,Shubayqa 1 (Early),7,,SHUB1_Early,8044,Scapula,,,,,11.4,,,,,,,,9.1,5.7,,,
Martin,Burqu 27,2,27227,BQ27,,Tibia,,,,,,,,10.3,,,,,,,6.7,,
Martin,Burqu 27,3,27208,BQ27,,Tibia,,,,,,,,10.9,,,,,,,6.8,,
Martin,Burqu 27,2,27119,BQ27,,Calcaneum,22.7,,,,,,,,,,8.1,,,,,,
Martin,Burqu 27,2,27128,BQ27,,Calcaneum,25.1,,,,,,,,,,7.4,,,,,,
Martin,Burqu 27,2,27227,BQ27,,Calcaneum,24,,,,,,,,,,8.7,,,,,,
Martin,Burqu 27,2,27227,BQ27,,Calcaneum,21,,,,,,,,,,7.1,,,,,,
Martin,Burqu 27,,27224,BQ27,,Calcaneum,22.1,,,,,,,,,,8.1,,,,,,
Martin,Dhuweila (PPNB),1,216,DHW_PPNB,41,Calcaneum,22.4,,,,,,,,,,7.7,,,,,,
Martin,Dhuweila (PPNB),1,219,DHW_PPNB,57,Calcaneum,24.1,,,,,,,,,,7.7,,,,,,
Martin,Dhuweila (PPNB),1,2210,DHW_PPNB,149,Calcaneum,21.2,,,,,,,,,,7.4,,,,,,
Martin,Dhuweila (PPNB),1,215,DHW_PPNB,32,Tibia,,,,,,,,10.4,,,,,,,7.1,,
Martin,Dhuweila (PPNB),1,216,DHW_PPNB,40,Tibia,,,,,,,12.8,,,,,,,,,,
Martin,Dhuweila (PPNB),2,213,DHW_PPNB,14,Astragalus,,,,11.8,,,,,,,5.2,,,,,,
Martin,Dhuweila (PPNB),2,415,DHW_PPNB,299,Astragalus,,,,11.9,,,,,,,6.2,,,,,,
Martin,Dhuweila (PPNB),2,4115,DHW_PPNB,612,Astragalus,,,,11.1,,,,,,,5.2,,,,,,
Martin,Dhuweila (PPNB),2,4113,DHW_PPNB,463,Calcaneum,23.7,,,,,,,,,,7.3,,,,,,
Martin,Dhuweila (PPNB),2,4204,DHW_PPNB,in ids,Calcaneum,22.2,,,,,,,,,,7.3,,,,,,
Martin,Dhuweila (PPNB),2,4210,DHW_PPNB,in ids,Calcaneum,23.7,,,,,,,,,,7.2,,,,,,
Martin,Dhuweila (PPNB),2,4211,DHW_PPNB,in ids,Calcaneum,22.4,,,,,,,,,,6.9,,,,,,
Martin,Dhuweila (PPNB),2,414,DHW_PPNB,283,Tibia,,,,,,,,10,,,,,,,6.6,,
Martin,Dhuweila (PPNB),2,4203,DHW_PPNB,,Tibia,,,,,,,,10.8,,,,,,,7.1,,
Martin,Dhuweila (PPNB),3,311,DHW_PPNB,195,Astragalus,,,,11.7,,,,,,,5.7,,,,,,
Martin,Dhuweila (PPNB),3,321,DHW_PPNB,215,Astragalus,,,,11.1,,,,,,,5.1,,,,,,
Martin,Dhuweila (PPNB),3,411,DHW_PPNB,245,Astragalus,,,,11.7,,,,,,,5.2,,,,,,
Martin,Dhuweila (PPNB),3,412,DHW_PPNB,259,Astragalus,,,,11.1,,,,,,,4.8,,,,,,
Martin,Dhuweila (PPNB),3,4201,DHW_PPNB,,Astragalus,,,,10.8,,,,,,,5.1,,,,,,
Martin,Dhuweila (PPNB),3,311,DHW_PPNB,196,Calcaneum,23.3,,,,,,,,,,7.8,,,,,,
Martin,Dhuweila (PPNB),3,321,DHW_PPNB,216,Calcaneum,22.1,,,,,,,,,,7.3,,,,,,
Martin,Dhuweila (PPNB),3,321,DHW_PPNB,217,Calcaneum,23,,,,,,,,,,7.9,,,,,,
Martin,Dhuweila (PPNB),3,411,DHW_PPNB,246,Calcaneum,24,,,,,,,,,,7.7,,,,,,
Martin,Dhuweila (PPNB),3,411,DHW_PPNB,247,Calcaneum,22.3,,,,,,,,,,7.1,,,,,,
Martin,Dhuweila (PPNB),3,412,DHW_PPNB,260,Calcaneum,23.2,,,,,,,,,,8,,,,,,
Martin,Dhuweila (PPNB),3,412,DHW_PPNB,261,Calcaneum,23.8,,,,,,,,,,7.5,,,,,,
Martin,Dhuweila (PPNB),3,311,DHW_PPNB,193,Tibia,,,,,,,13.5,,,,,,,,,,
Martin,Dhuweila (PPNB),3,311,DHW_PPNB,194,Tibia,,,,,,,,10.8,,,,,,,6.8,,
Martin,Dhuweila (PPNB),3,321,DHW_PPNB,210,Tibia,,,,,,,,11.5,,,,,,,6.5,,
Martin,Dhuweila (PPNB),3,322,DHW_PPNB,232,Tibia,,,,,,,,11.4,,,,,,,7.1,,
Martin,Dhuweila (PPNB),3,412,DHW_PPNB,256,Tibia,,,,,,,,10.4,,,,,,,6.1,,
Martin,Dhuweila (PPNB),3,412,DHW_PPNB,257,Tibia,,,,,,,,10.5,,,,,,,6,,
Martin,Dhuweila (PPNB),3,412,DHW_PPNB,258,Tibia,,,,,,,,10.7,,,,,,,6.7,,
Martin,Dhuweila (PPNB),3,4201,DHW_PPNB,,Tibia,,,,,,,13.9,,,,,,,,,,
Martin,Dhuweila (PPNB),,213,DHW_PPNB,15,Metatarsal,36.7,,,,,,3.6,4.2,,,,,,,3.7,4.6,3
Martin,Dhuweila (PPNB),,311,DHW_PPNB,198,Metatarsal,39.1,,,,,,3.4,4.3,,,,,,,3.7,5.2,3.2
Martin,Dhuweila (PPNB),,311,DHW_PPNB,199,Metatarsal,38.8,,,,,,3.6,4.3,,,,,,,3.7,5.6,3
Martin,Dhuweila (PPNB),,311,DHW_PPNB,200,Metatarsal,34.3,,,,,,5.4,3.4,,,,,,,2.9,4.8,2.2
Martin,Dhuweila (PPNB),,311,DHW_PPNB,201,Metatarsal,38.6,,,,,,5.2,4.3,,,,,,,3.6,5.6,2.9
Martin,Dhuweila (PPNB),,311,DHW_PPNB,202,Metatarsal,38.1,,,,,,3.6,4.1,,,,,,,3.6,5.7,2.9
Martin,Dhuweila (PPNB),,311,DHW_PPNB,203,Metatarsal,39.2,,,,,,3.5,3.9,,,,,,,3.4,5.6,2.6
Martin,Dhuweila (PPNB),,321,DHW_PPNB,211,Metatarsal,34.7,,,,,,5.5,3.8,,,,,,,3.2,5.2,2.4
Martin,Dhuweila (PPNB),,322,DHW_PPNB,234,Metatarsal,39.9,,,,,,3.8,4.4,,,,,,,3.9,6.1,3.3
Martin,Dhuweila (PPNB),,311,DHW_PPNB,197,Phalanx1,17.4,,,,,,4.2,3.2,,,,,,,,3.4,2.2
Martin,Dhuweila (PPNB),,321,DHW_PPNB,213,Phalanx1,17.9,,,,,,4.4,3.1,,,,,,,,3.5,2.6
Martin,Dhuweila (PPNB),,414,DHW_PPNB,284,Phalanx1,14.2,,,,,,3.1,2.6,,,,,,,,2.9,1.9
Martin,Dhuweila (PPNB),,417,DHW_PPNB,322,Phalanx1,17.9,,,,,,3.9,3,,,,,,,,3.4,2.1
Martin,Dhuweila (PPNB),,418,DHW_PPNB,343,Phalanx1,17.9,,,,,,4.4,3.3,,,,,,,,3.6,2.3
Martin,Dhuweila (PPNB),,418,DHW_PPNB,344,Phalanx1,15.2,,,,,,4.2,3.3,,,,,,,,3.5,2.5
Martin,Dhuweila (PPNB),,321,DHW_PPNB,214,Phalanx2,10.4,,,,,,3.2,2.5,,,,,,,,,7.1
Martin,Jebel Naja,,2321 107,JN,4,Calcaneum,23.2,,,,,,,,,,6.9,,,,,,
Martin,Jebel Naja,,3133 110,JN,2,Tibia,,,,,,,,10,,,,,,,6.6,,
Martin,Kharaneh IV (Phase A),A,21075,KHIV_A,545,Calcaneum,27.1,,,,,,,,,,9.2,,,,,,
Martin,Kharaneh IV (Phase A),A,21078,KHIV_A,557,Calcaneum,25.5,,,,,,,,,,9.3,,,,,,
Martin,Kharaneh IV (Phase A),A,21078,KHIV_A,559,Calcaneum,27.7,,,,,,,,,,9.4,,,,,,
Martin,Kharaneh IV (Phase A),A,21123,KHIV_A,927,Calcaneum,26.7,,,,,,,,,,9.1,,,,,,
Martin,Kharaneh IV (Phase A),A,21128,KHIV_A,989,Calcaneum,28,,,,,,,,,,8.5,,,,,,
Martin,Kharaneh IV (Phase A),A,21145,KHIV_A,1062,Calcaneum,30.2,,,,,,,,,,10.3,,,,,,
Martin,Kharaneh IV (Phase B),B,21115,KHIV_B,871,Calcaneum,31.3,,,,,,,,,,10.4,,,,,,
Martin,Kharaneh IV (Phase B),B,21125,KHIV_B,945,Tibia,,,,,,,,14.6,,,,,,,10,,
Martin,Kharaneh IV (Phase C),C,21041,KHIV_C,299,Calcaneum,27.7,,,,,,,,,,9.1,,,,,,
Martin,Kharaneh IV (Phase C),C,21043,KHIV_C,303,Calcaneum,27.4,,,,,,,,,,9.1,,,,,,
Martin,Kharaneh IV (Phase D),D,21218,KHIV_D,1489,Astragalus,12.9,6.8,,,,,,,,,,,,,,,
Martin,Kharaneh IV (Phase D),D,21285,KHIV_D,2067,Astragalus,13.8,8.1,,,,,,,,,,,,,,,
Martin,Kharaneh IV (Phase D),D,21235,KHIV_D,1656,Calcaneum,25.9,,,,,,,,,,8.6,,,,,,
Martin,Kharaneh IV (Phase D),D,21264,KHIV_D,1912,Calcaneum,30.2,,,,,,,,,,10.3,,,,,,
Martin,Kharaneh IV (Phase D),D,21285,KHIV_D,2068,Calcaneum,28.2,,,,,,,,,,8.7,,,,,,
Martin,Kharaneh IV (Phase D),D,21285,KHIV_D,2069,Calcaneum,29.9,,,,,,,,,,9.6,,,,,,
Martin,Kharaneh IV (Phase D),D,21302,KHIV_D,2206,Calcaneum,24.8,,,,,,,,,,9.9,,,,,,
Martin,Kharaneh IV (Phase D),D,21169,KHIV_D,1237,Tibia,,,,,,,,13.7,,,,,,,8.7,,
Martin,Kharaneh IV (Phase D),D,21190,KHIV_D,1320,Tibia,,,,,,,,10.7,,,,,,,6.9,,
Martin,Kharaneh IV (Phase D),D,21198,KHIV_D,1392,Tibia,,,,,,,,13.7,,,,,,,8.2,,
Martin,Kharaneh IV (Phase D),D,21202,KHIV_D,1432,Tibia,,,,,,,,12.3,,,,,,,7.9,,
Martin,Kharaneh IV (Phase D),D,21218,KHIV_D,1488,Tibia,,,,,,,,11.5,,,,,,,7.5,,
Martin,Kharaneh IV (A–D),,21221,KHIV,1510,Metatarsal,43.3,,,,,,,4.6,,,,,,,,,
Martin,Kharaneh IV (A–D),,21225,KHIV,1558,Metatarsal,47.9,,,,,,,5.2,,,,,,,,,
Martin,Kharaneh IV (A–D),,21251,KHIV,1768,Metatarsal,40.3,,,,,,,4.4,,,,,,,,,
Martin,Kharaneh IV (A–D),,21251,KHIV,1769,Metatarsal,42.3,,,,,,,4.2,,,,,,,,,
Martin,Kharaneh IV (A–D),,21251,KHIV,1770,Metatarsal,41.2,,,,,,,4.1,,,,,,,,,
Martin,Kharaneh IV (A–D),,21251,KHIV,1771,Metatarsal,37.7,,,,,,,4,,,,,,,,,
Martin,Kharaneh IV (A–D),,21254,KHIV,1780,Metatarsal,42,,,,,,,4.3,,,,,,,,,
Martin,Kharaneh IV (A–D),,21254,KHIV,1781,Metatarsal,42.4,,,,,,,4.6,,,,,,,,,
Martin,Kharaneh IV (A–D),,21306,KHIV,2233,Metatarsal,48.4,,,,,,,5.7,,,,,,,,,
Martin,Kharaneh IV (A–D),,21306,KHIV,2234,Metatarsal,11.2,,,,,,,3.9,,,,,,,,,
Martin,Kharaneh IV (A–D),,21311,KHIV,2284,Metatarsal,15.9,,,,,,,4.2,,,,,,,,,
Martin,Kharaneh IV (A–D),,21322,KHIV,2393,Metatarsal,48,,,,,,,5.6,,,,,,,,,
Martin,Kharaneh IV (A–D),,21190,KHIV,1321,Phalanx1,22.3,,,,,,5.7,3.9,,,,,,,,,3.2
Martin,Kharaneh IV (A–D),,21190,KHIV,1322,Phalanx1,23.4,,,,,,5.1,3.8,,,,,,,,,2.8
Martin,Kharaneh IV (A–D),,21200,KHIV,1408,Phalanx1,17.4,,,,,,4,3.5,,,,,,,,,2.1
Martin,Kharaneh IV (A–D),,21221,KHIV,1511,Phalanx1,17.9,,,,,,4.3,3.6,,,,,,,,,2.4
Martin,Kharaneh IV (A–D),,21230,KHIV,1613,Phalanx1,20,,,,,,4.6,3.4,,,,,,,,,2.6
Martin,Kharaneh IV (A–D),,21248,KHIV,1749,Phalanx1,19.3,,,,,,4.3,3,,,,,,,,,2.1
Martin,Kharaneh IV (A–D),,21248,KHIV,1750,Phalanx1,16.1,,,,,,3.6,3,,,,,,,,,2
Martin,Kharaneh IV (A–D),,21251,KHIV,1772,Phalanx1,19,,,,,,4.5,3.2,,,,,,,,,2.3
Martin,Kharaneh IV (A–D),,21254,KHIV,1782,Phalanx1,18.9,,,,,,4.5,3.2,,,,,,,,,2.3
Martin,Kharaneh IV (A–D),,21255,KHIV,1798,Phalanx1,19.3,,,,,,4.2,3.1,,,,,,,,,2.2
Martin,Kharaneh IV (A–D),,21260,KHIV,1859,Phalanx1,19.6,,,,,,5.7,4,,,,,,,,,3.1
Martin,Kharaneh IV (A–D),,21264,KHIV,1913,Phalanx1,17.4,,,,,,4.2,3.5,,,,,,,,,2.5
Martin,Kharaneh IV (A–D),,21271,KHIV,1966,Phalanx1,19.5,,,,,,4.4,3.7,,,,,,,,,2.7
Martin,Kharaneh IV (A–D),,21274,KHIV,1986,Phalanx1,13.8,,,,,,4,3.2,,,,,,,,,2.4
Martin,Kharaneh IV (A–D),,21276,KHIV,1990,Phalanx1,15.4,,,,,,4.3,3.8,,,,,,,,,2.6
Martin,Kharaneh IV (A–D),,21279,KHIV,2008,Phalanx1,17.3,,,,,,4.7,3.5,,,,,,,,,2.6
Martin,Kharaneh IV (A–D),,21282,KHIV,2022,Phalanx1,13.3,,,,,,4.1,3,,,,,,,,,2.5
Martin,Kharaneh IV (A–D),,21283,KHIV,2053,Phalanx1,17,,,,,,4.6,3.4,,,,,,,,,2.6
Martin,Kharaneh IV (A–D),,21320,KHIV,2350,Phalanx1,14.4,,,,,,4.2,3.1,,,,,,,,,2.1
Martin,Kharaneh IV (A–D),,21206,KHIV,1450,Phalanx2,12.2,,,,,,4.3,3.1,,,,,,,,,2.6
Martin,Kharaneh IV (A–D),,21230,KHIV,1614,Phalanx2,14.2,,,,,,3.6,2.7,,,,,,,,,1.8
Martin,Kharaneh IV (A–D),,21235,KHIV,1657,Phalanx2,10.5,,,,,,3.7,3.2,,,,,,,,,2.5
Martin,Kharaneh IV (A–D),,21248,KHIV,1751,Phalanx2,10.6,,,,,,3.3,2.5,,,,,,,,,2
Martin,Kharaneh IV (A–D),,21265,KHIV,1920,Phalanx2,12.3,,,,,,3.9,2.8,,,,,,,,,2.6
Martin,Kharaneh IV (A–D),,21285,KHIV,2066,Phalanx2,10.1,,,,,,3.7,2.6,,,,,,,,,2.4
Martin,Kharaneh IV (A–D),,21315,KHIV,2312,Phalanx2,10.3,,,,,,4.1,3.4,,,,,,,,,3
Martin,Wadi Jilat 13,1,B136,WJ13,,Calcaneum,23.2,,,,,,,,,,8.1,,,,,,
Martin,Wadi Jilat 13,1,B137,WJ13,,Calcaneum,24.4,,,,,,,,,,7.8,,,,,,
Martin,Wadi Jilat 13,1,B146,WJ13,,Calcaneum,23.3,,,,,,,,,,7.9,,,,,,
Martin,Wadi Jilat 13,1,B103,WJ13,,Calcaneum,23,,,,,,,,,,7.5,,,,,,
Martin,Wadi Jilat 13,1,B141,WJ13,,Calcaneum,22.6,,,,,,,,,,7.4,,,,,,
Martin,Wadi Jilat 13,1,B146,WJ13,,Calcaneum,23.3,,,,,,,,,,7.5,,,,,,
Martin,Wadi Jilat 13,1,B163,WJ13,,Calcaneum,24.2,,,,,,,,,,8.6,,,,,,
Martin,Wadi Jilat 13,1,B98,WJ13,,Calcaneum,24,,,,,,,,,,8.2,,,,,,
Martin,Wadi Jilat 13,1,B127,WJ13,,Calcaneum,26,,,,,,,,,,8.1,,,,,,
Martin,Wadi Jilat 13,1,C122,WJ13,,Calcaneum,22.7,,,,,,,,,,7.6,,,,,,
Martin,Wadi Jilat 13,1,C78,WJ13,,Calcaneum,22.6,,,,,,,,,,7.5,,,,,,
Martin,Wadi Jilat 13,1,B159,WJ13,,Tibia,,,,,,,,10.1,,,,,,,,,
Martin,Wadi Jilat 13,1,B146,WJ13,,Tibia,,,,,,,,10.4,,,,,,,,,
Martin,Wadi Jilat 13,1,C86,WJ13,,Tibia,,,,,,,,11,,,,,,,,,
Martin,Wadi Jilat 13,2,C19,WJ13,,Tibia,,,,,,,,11.2,,,,,,,,,
Martin,Wadi Jilat 13,3,B92,WJ13,,Calcaneum,23.2,,,,,,,,,,7,,,,,,
Martin,Wadi Jilat 13,3,B60,WJ13,,Calcaneum,21.6,,,,,,,,,,,,,,,,
Martin,Wadi Jilat 13,3,C16,WJ13,,Calcaneum,24.6,,,,,,,,,,8.7,,,,,,
Martin,Wadi Jilat 13,3,C15,WJ13,,Calcaneum,23.5,,,,,,,,,,,,,,,,
Martin,Wadi Jilat 13,3,C23,WJ13,,Calcaneum,23.8,,,,,,,,,,7.9,,,,,,
Martin,Wadi Jilat 13,3,C24,WJ13,,Calcaneum,24,,,,,,,,,,8,,,,,,
Martin,Wadi Jilat 13,3,C50,WJ13,,Calcaneum,23.1,,,,,,,,,,8.1,,,,,,
Martin,Wadi Jilat 13,3,C48,WJ13,,Tibia,,,,,,,,11.1,,,,,,,,,
Martin,Wadi Jilat 22 (Upper),B,,WJ22_Upper,4.11a,Astragalus,11.3,,,,,,,,,,,,,,,,
Martin,Wadi Jilat 22 (Upper),B,,WJ22_Upper,3.14b,Astragalus,13.5,,,,,,,,,,,,,,,,
Martin,Wadi Jilat 22 (Upper),B,,WJ22_Upper,1.9a,Calcaneum,27.4,,,,,,,,,,9.2,,,,,,
Martin,Wadi Jilat 22 (Upper),B,,WJ22_Upper,2.4a,Tibia,,,,,,,,11.27,,,,,,,7.8,,
Martin,Wadi Jilat 25,early,15a XIV,WJ25,,Calcaneum,23.1,,,,,,,,,,,,,,,,
Martin,Wadi Jilat 6 (Upper),A,,WJ6_Upper,4-2-B,Astragalus,,,13.81,,,,,,,,,,,,,,
Martin,Wadi Jilat 6 (Upper),A,,WJ6_Upper,3-5-B,Calcaneum,27.88,,,,,,,,,,8.98,,,,,,
Martin,Wadi Jilat 6 (Upper),A,,WJ6_Upper,3-7-A,Calcaneum,28.87,,,,,,,,,,9.68,,,,,,
Martin,Wadi Jilat 6 (Upper),A,,WJ6_Upper,1-7-B,Calcaneum,26.93,,,,,,,,,,8.82,,,,,,
Martin,Wadi Jilat 6 (Upper),A,,WJ6_Upper,1-1-D,Tibia,,,,,,,,11.64,,,,,,,7.68,,
Martin,Wadi Jilat 6 (Upper),A,,WJ6_Upper,3-2-A,Tibia,,,,,,,13.94,,,,,,,,,,
Martin,Wadi Jilat 6 (Upper),A,,WJ6_Upper,3-5-A,Tibia,,,,,,,16.05,,,,,,,,,,
Martin,Wadi Jilat 6 (Upper),A,,WJ6_Upper,4-5-A,Tibia,,,,,,,,11.69,,,,,,,7.62,,
Martin,Wadi Jilat 7,1,A34a,WJ7,,Tibia,,,,,,,,10.4,,,,,,,6.3,,
Martin,Wadi Jilat 7,2,8 22A,WJ7,16,Astragalus,11.53,,,,,,,,,,,,,,,,
Martin,Wadi Jilat 7,2,6 27A,WJ7,24,Astragalus,13.08,,,,,,,,,,,,,,,,
Martin,Wadi Jilat 7,2,6 27A,WJ7,25,Astragalus,11.72,,,,,,,,,,,,,,,,
Martin,Wadi Jilat 7,2,1 5A,WJ7,2,Tibia,,,,,,,,10.72,,,,,,,,,
Martin,Wadi Jilat 7,2,6 27A,WJ7,22,Tibia,,,,,,,,10.66,,,,,,,,,
Martin,Wadi Jilat 7,2,6 27A,WJ7,23,Tibia,,,,,,,,9.74,,,,,,,,,
Martin,Wadi Jilat 7,3,A22d,WJ7,,Tibia,,,,,,,,10.8,,,,,,,6.7,,
Martin,Wadi Jilat 7,4,B 36A,WJ7,,Astragalus,12,,,,,,,,,,,,,,,,
Martin,Wadi Jilat 7,4,B33a,WJ7,,Calcaneum,24.9,,,,,,,,,,8.4,,,,,,
Martin,Wadi Jilat 7,,Ba1a,WJ7,,Calcaneum,23.8,,,,,,,,,,7.4,,,,,,